case_id,building_type,method,routing_policy,run_id,seed,num_agents,operational_clearance_time_s,clearance_90_s,peak_density,congestion_duration_s,bottleneck_count,completed_pct
A,corridor benchmark,shortest_path,shortest_path,1,1111,58,216.2,178.44,145.56,130.5,136,34.5
A,corridor benchmark,shortest_path,shortest_path,2,1112,58,208.2,199.38,115.56,115.1,124,17.2
A,corridor benchmark,shortest_path,shortest_path,3,1113,58,230.0,195.56,126.48,124.8,127,24.1
A,corridor benchmark,shortest_path,shortest_path,4,1114,58,241.0,237.96,136.92,120.0,118,29.3
A,corridor benchmark,shortest_path,shortest_path,5,1115,58,242.0,213.62,171.76,132.5,125,34.5
A,corridor benchmark,shortest_path,shortest_path,6,1116,58,218.2,207.28,151.88,129.4,123,25.9
A,corridor benchmark,shortest_path,shortest_path,7,1117,58,190.8,85.24,113.96,126.3,124,22.4
A,corridor benchmark,shortest_path,shortest_path,8,1118,58,246.6,144.08,152.68,132.9,117,32.8
A,corridor benchmark,shortest_path,shortest_path,9,1119,58,242.0,187.9,185.24,129.5,129,27.6
A,corridor benchmark,shortest_path,shortest_path,10,1120,58,218.8,184.52,176.2,126.4,121,25.9
A,corridor benchmark,random_routing,stochastic,1,1121,58,155.2,155.0,64.32,85.9,126,19.0
A,corridor benchmark,random_routing,stochastic,2,1122,58,222.2,175.42,93.92,111.3,135,41.4
A,corridor benchmark,random_routing,stochastic,3,1123,58,183.4,173.4,63.76,92.0,132,25.9
A,corridor benchmark,random_routing,stochastic,4,1124,58,201.0,153.36,88.72,101.7,134,29.3
A,corridor benchmark,random_routing,stochastic,5,1125,58,191.4,117.72,118.76,99.1,140,25.9
A,corridor benchmark,random_routing,stochastic,6,1126,58,160.6,137.68,58.52,86.5,128,12.1
A,corridor benchmark,random_routing,stochastic,7,1127,58,170.6,136.06,73.04,92.9,135,24.1
A,corridor benchmark,random_routing,stochastic,8,1128,58,194.0,180.1,66.68,96.7,144,27.6
A,corridor benchmark,random_routing,stochastic,9,1129,58,208.0,171.06,85.6,102.6,134,31.0
A,corridor benchmark,random_routing,stochastic,10,1130,58,180.6,178.2,78.28,87.8,124,19.0
A,corridor benchmark,density_aware,least_crowded,1,1131,58,178.6,149.02,72.88,113.0,134,31.0
A,corridor benchmark,density_aware,least_crowded,2,1132,58,181.2,177.68,121.28,99.0,129,20.7
A,corridor benchmark,density_aware,least_crowded,3,1133,58,181.2,150.12,104.56,111.1,129,29.3
A,corridor benchmark,density_aware,least_crowded,4,1134,58,222.4,147.18,75.84,112.4,130,31.0
A,corridor benchmark,density_aware,least_crowded,5,1135,58,209.0,182.36,113.0,108.0,121,29.3
A,corridor benchmark,density_aware,least_crowded,6,1136,58,198.8,166.48,99.76,112.2,132,32.8
A,corridor benchmark,density_aware,least_crowded,7,1137,58,212.8,157.32,90.72,118.7,139,34.5
A,corridor benchmark,density_aware,least_crowded,8,1138,58,183.6,178.52,99.32,106.1,126,29.3
A,corridor benchmark,density_aware,least_crowded,9,1139,58,202.0,155.72,109.08,115.4,130,32.8
A,corridor benchmark,density_aware,least_crowded,10,1140,58,197.0,189.96,133.8,110.4,122,32.8
A,corridor benchmark,peopleflow_guided,guided,1,1141,58,267.4,228.92,156.96,132.2,117,32.8
A,corridor benchmark,peopleflow_guided,guided,2,1142,58,183.4,162.2,169.04,133.0,122,27.6
A,corridor benchmark,peopleflow_guided,guided,3,1143,58,186.4,163.0,146.8,127.5,115,25.9
A,corridor benchmark,peopleflow_guided,guided,4,1144,58,254.0,219.76,177.8,125.1,125,22.4
A,corridor benchmark,peopleflow_guided,guided,5,1145,58,261.2,247.2,163.16,139.5,122,39.7
A,corridor benchmark,peopleflow_guided,guided,6,1146,58,273.8,249.36,153.92,135.3,124,39.7
A,corridor benchmark,peopleflow_guided,guided,7,1147,58,290.2,255.52,183.2,143.3,117,39.7
A,corridor benchmark,peopleflow_guided,guided,8,1148,58,242.4,232.22,149.88,133.3,127,31.0
A,corridor benchmark,peopleflow_guided,guided,9,1149,58,272.2,250.36,175.04,135.6,116,41.4
A,corridor benchmark,peopleflow_guided,guided,10,1150,58,264.0,221.86,188.96,133.0,122,31.0
B,academic building,shortest_path,shortest_path,1,1211,64,467.0,251.3,163.84,297.5,119,93.8
B,academic building,shortest_path,shortest_path,2,1212,64,544.4,318.2,170.96,269.4,119,95.3
B,academic building,shortest_path,shortest_path,3,1213,64,597.4,279.8,140.88,296.9,112,95.3
B,academic building,shortest_path,shortest_path,4,1214,64,527.4,335.68,186.76,296.8,112,92.2
B,academic building,shortest_path,shortest_path,5,1215,64,515.2,240.12,118.32,298.2,117,93.8
B,academic building,shortest_path,shortest_path,6,1216,64,566.2,270.68,143.16,297.9,129,89.1
B,academic building,shortest_path,shortest_path,7,1217,64,580.8,281.8,163.36,288.8,97,95.3
B,academic building,shortest_path,shortest_path,8,1218,64,547.8,283.62,150.72,298.4,114,93.8
B,academic building,shortest_path,shortest_path,9,1219,64,536.2,202.6,120.12,264.5,105,95.3
B,academic building,shortest_path,shortest_path,10,1220,64,579.4,212.82,137.76,296.5,104,93.8
B,academic building,random_routing,stochastic,1,1221,64,163.6,152.56,74.88,95.1,136,53.1
B,academic building,random_routing,stochastic,2,1222,64,173.2,132.24,70.24,101.0,129,53.1
B,academic building,random_routing,stochastic,3,1223,64,200.8,166.64,82.4,103.6,131,60.9
B,academic building,random_routing,stochastic,4,1224,64,199.2,149.44,72.4,98.0,138,53.1
B,academic building,random_routing,stochastic,5,1225,64,216.6,181.94,78.4,108.7,137,65.6
B,academic building,random_routing,stochastic,6,1226,64,218.2,182.0,75.6,110.1,134,64.1
B,academic building,random_routing,stochastic,7,1227,64,188.0,164.08,90.8,93.3,150,57.8
B,academic building,random_routing,stochastic,8,1228,64,201.8,169.56,98.92,104.1,138,67.2
B,academic building,random_routing,stochastic,9,1229,64,154.0,137.82,62.64,92.6,134,50.0
B,academic building,random_routing,stochastic,10,1230,64,194.2,171.36,78.72,102.4,142,59.4
B,academic building,density_aware,least_crowded,1,1231,64,274.2,163.16,127.92,152.2,122,78.1
B,academic building,density_aware,least_crowded,2,1232,64,315.0,207.4,148.8,202.7,126,89.1
B,academic building,density_aware,least_crowded,3,1233,64,293.0,180.62,134.64,144.4,113,75.0
B,academic building,density_aware,least_crowded,4,1234,64,325.2,224.28,134.12,173.0,110,90.6
B,academic building,density_aware,least_crowded,5,1235,64,328.8,184.76,113.2,169.4,122,82.8
B,academic building,density_aware,least_crowded,6,1236,64,256.0,150.56,111.16,145.4,123,78.1
B,academic building,density_aware,least_crowded,7,1237,64,221.0,211.6,117.6,141.2,130,79.7
B,academic building,density_aware,least_crowded,8,1238,64,258.6,222.9,127.4,148.2,113,81.2
B,academic building,density_aware,least_crowded,9,1239,64,242.6,174.52,107.24,120.7,134,73.4
B,academic building,density_aware,least_crowded,10,1240,64,311.6,241.2,123.64,165.9,122,87.5
B,academic building,peopleflow_guided,guided,1,1241,64,232.6,221.1,122.48,117.3,162,31.2
B,academic building,peopleflow_guided,guided,2,1242,64,239.4,224.8,144.88,118.0,170,32.8
B,academic building,peopleflow_guided,guided,3,1243,64,253.6,212.58,93.6,136.6,174,46.9
B,academic building,peopleflow_guided,guided,4,1244,64,235.0,224.6,133.96,120.1,172,32.8
B,academic building,peopleflow_guided,guided,5,1245,64,230.6,203.76,120.12,121.9,164,39.1
B,academic building,peopleflow_guided,guided,6,1246,64,297.8,231.08,162.12,151.4,156,54.7
B,academic building,peopleflow_guided,guided,7,1247,64,237.2,202.7,149.4,134.6,166,40.6
B,academic building,peopleflow_guided,guided,8,1248,64,270.8,221.76,122.2,141.9,166,51.6
B,academic building,peopleflow_guided,guided,9,1249,64,238.2,203.04,97.24,117.8,185,34.4
B,academic building,peopleflow_guided,guided,10,1250,64,239.0,207.76,131.68,128.9,175,35.9
C,office floor,shortest_path,shortest_path,1,1311,70,215.8,87.2,136.0,297.2,74,92.9
C,office floor,shortest_path,shortest_path,2,1312,70,268.8,100.8,132.84,298.2,75,90.0
C,office floor,shortest_path,shortest_path,3,1313,70,244.0,108.42,119.84,297.8,91,91.4
C,office floor,shortest_path,shortest_path,4,1314,70,231.0,129.36,155.28,297.5,86,90.0
C,office floor,shortest_path,shortest_path,5,1315,70,526.8,62.84,118.52,298.6,78,92.9
C,office floor,shortest_path,shortest_path,6,1316,70,463.6,94.0,113.4,296.9,97,92.9
C,office floor,shortest_path,shortest_path,7,1317,70,382.4,104.5,124.28,298.6,86,94.3
C,office floor,shortest_path,shortest_path,8,1318,70,350.2,79.0,124.92,298.2,74,92.9
C,office floor,shortest_path,shortest_path,9,1319,70,404.4,100.32,123.16,297.9,99,92.9
C,office floor,shortest_path,shortest_path,10,1320,70,271.6,89.6,129.2,297.8,79,92.9
C,office floor,random_routing,stochastic,1,1321,70,188.2,107.72,23.84,92.2,114,95.7
C,office floor,random_routing,stochastic,2,1322,70,153.2,114.68,21.6,74.4,118,95.7
C,office floor,random_routing,stochastic,3,1323,70,201.4,119.56,24.28,98.9,104,95.7
C,office floor,random_routing,stochastic,4,1324,70,137.4,93.84,25.72,66.6,107,95.7
C,office floor,random_routing,stochastic,5,1325,70,126.6,95.16,20.6,61.4,106,95.7
C,office floor,random_routing,stochastic,6,1326,70,143.0,92.44,18.4,69.1,103,95.7
C,office floor,random_routing,stochastic,7,1327,70,122.8,100.08,17.12,58.9,108,95.7
C,office floor,random_routing,stochastic,8,1328,70,143.4,94.4,16.52,70.0,117,95.7
C,office floor,random_routing,stochastic,9,1329,70,200.0,120.68,26.44,97.3,120,95.7
C,office floor,random_routing,stochastic,10,1330,70,240.8,145.02,33.72,127.0,131,91.4
C,office floor,density_aware,least_crowded,1,1331,70,189.8,99.28,44.28,92.4,86,95.7
C,office floor,density_aware,least_crowded,2,1332,70,90.6,54.4,17.76,43.5,54,95.7
C,office floor,density_aware,least_crowded,3,1333,70,164.8,60.4,38.84,80.6,68,95.7
C,office floor,density_aware,least_crowded,4,1334,70,398.4,109.16,77.8,197.3,86,95.7
C,office floor,density_aware,least_crowded,5,1335,70,203.0,75.6,37.24,100.0,91,95.7
C,office floor,density_aware,least_crowded,6,1336,70,296.2,92.12,58.12,146.0,76,95.7
C,office floor,density_aware,least_crowded,7,1337,70,181.6,81.32,27.48,88.6,80,95.7
C,office floor,density_aware,least_crowded,8,1338,70,133.4,69.84,23.56,65.7,76,95.7
C,office floor,density_aware,least_crowded,9,1339,70,471.6,79.7,98.72,246.0,75,94.3
C,office floor,density_aware,least_crowded,10,1340,70,121.4,52.36,23.56,58.3,73,95.7
C,office floor,peopleflow_guided,guided,1,1341,70,467.4,277.8,424.36,299.0,132,87.1
C,office floor,peopleflow_guided,guided,2,1342,70,338.0,217.56,329.0,297.2,124,90.0
C,office floor,peopleflow_guided,guided,3,1343,70,547.0,249.84,418.4,296.5,130,84.3
C,office floor,peopleflow_guided,guided,4,1344,70,448.8,237.28,276.32,297.3,127,90.0
C,office floor,peopleflow_guided,guided,5,1345,70,557.0,212.8,326.56,297.9,131,88.6
C,office floor,peopleflow_guided,guided,6,1346,70,341.4,160.4,298.04,298.3,124,87.1
C,office floor,peopleflow_guided,guided,7,1347,70,554.2,259.58,331.12,297.6,125,88.6
C,office floor,peopleflow_guided,guided,8,1348,70,582.0,155.8,355.04,297.5,127,90.0
C,office floor,peopleflow_guided,guided,9,1349,70,516.6,199.74,265.36,297.2,120,91.4
C,office floor,peopleflow_guided,guided,10,1350,70,484.0,240.54,307.68,297.9,123,88.6
D,apartment layout,shortest_path,shortest_path,1,1411,74,432.4,169.9,236.64,297.9,82,91.9
D,apartment layout,shortest_path,shortest_path,2,1412,74,380.4,239.64,239.4,269.7,96,91.9
D,apartment layout,shortest_path,shortest_path,3,1413,74,560.0,203.2,200.12,278.8,81,95.9
D,apartment layout,shortest_path,shortest_path,4,1414,74,437.0,268.24,232.64,264.0,95,91.9
D,apartment layout,shortest_path,shortest_path,5,1415,74,367.8,232.28,206.68,298.6,92,93.2
D,apartment layout,shortest_path,shortest_path,6,1416,74,379.0,244.28,225.32,209.8,109,87.8
D,apartment layout,shortest_path,shortest_path,7,1417,74,381.0,172.8,133.12,187.6,82,95.9
D,apartment layout,shortest_path,shortest_path,8,1418,74,590.6,197.0,234.92,294.4,78,90.5
D,apartment layout,shortest_path,shortest_path,9,1419,74,593.4,210.52,216.4,297.8,90,93.2
D,apartment layout,shortest_path,shortest_path,10,1420,74,518.2,175.6,151.24,256.0,85,95.9
D,apartment layout,random_routing,stochastic,1,1421,74,233.8,156.4,101.24,115.8,101,82.4
D,apartment layout,random_routing,stochastic,2,1422,74,334.6,133.8,95.56,184.1,100,90.5
D,apartment layout,random_routing,stochastic,3,1423,74,298.4,160.48,125.2,154.1,86,87.8
D,apartment layout,random_routing,stochastic,4,1424,74,243.2,149.0,99.08,137.8,88,85.1
D,apartment layout,random_routing,stochastic,5,1425,74,236.8,158.9,97.4,128.7,100,86.5
D,apartment layout,random_routing,stochastic,6,1426,74,201.4,133.76,107.36,103.3,104,77.0
D,apartment layout,random_routing,stochastic,7,1427,74,254.8,157.04,115.2,136.9,96,87.8
D,apartment layout,random_routing,stochastic,8,1428,74,256.6,130.46,102.08,141.8,87,86.5
D,apartment layout,random_routing,stochastic,9,1429,74,200.2,105.88,102.2,109.3,96,74.3
D,apartment layout,random_routing,stochastic,10,1430,74,258.4,136.96,112.76,133.9,100,86.5
D,apartment layout,density_aware,least_crowded,1,1431,74,236.8,132.6,169.16,121.0,86,81.1
D,apartment layout,density_aware,least_crowded,2,1432,74,305.4,130.8,140.24,155.9,79,85.1
D,apartment layout,density_aware,least_crowded,3,1433,74,216.0,136.78,127.0,119.6,79,83.8
D,apartment layout,density_aware,least_crowded,4,1434,74,320.0,169.4,159.44,208.3,73,93.2
D,apartment layout,density_aware,least_crowded,5,1435,74,225.6,139.6,129.88,132.6,91,82.4
D,apartment layout,density_aware,least_crowded,6,1436,74,372.6,164.28,159.2,200.6,87,94.6
D,apartment layout,density_aware,least_crowded,7,1437,74,319.0,92.32,182.24,163.1,83,86.5
D,apartment layout,density_aware,least_crowded,8,1438,74,322.2,164.76,147.72,191.8,75,93.2
D,apartment layout,density_aware,least_crowded,9,1439,74,354.8,165.16,130.28,186.2,98,93.2
D,apartment layout,density_aware,least_crowded,10,1440,74,256.0,95.6,165.88,137.3,72,83.8
D,apartment layout,peopleflow_guided,guided,1,1441,74,140.6,102.6,101.64,75.9,99,21.6
D,apartment layout,peopleflow_guided,guided,2,1442,74,143.4,116.6,101.24,71.0,108,14.9
D,apartment layout,peopleflow_guided,guided,3,1443,74,98.2,94.08,107.72,78.9,110,24.3
D,apartment layout,peopleflow_guided,guided,4,1444,74,136.4,88.68,100.16,72.7,105,16.2
D,apartment layout,peopleflow_guided,guided,5,1445,74,144.0,132.96,112.88,72.5,102,17.6
D,apartment layout,peopleflow_guided,guided,6,1446,74,154.0,127.98,103.12,78.6,107,24.3
D,apartment layout,peopleflow_guided,guided,7,1447,74,142.6,126.3,97.6,71.8,121,18.9
D,apartment layout,peopleflow_guided,guided,8,1448,74,97.0,93.32,109.52,70.9,106,12.2
D,apartment layout,peopleflow_guided,guided,9,1449,74,102.2,83.14,119.52,73.7,99,16.2
D,apartment layout,peopleflow_guided,guided,10,1450,74,133.4,113.68,94.52,75.1,106,20.3
E,hospital floor,shortest_path,shortest_path,1,1511,78,228.0,139.32,222.36,113.1,64,96.2
E,hospital floor,shortest_path,shortest_path,2,1512,78,227.0,154.0,221.44,112.6,61,96.2
E,hospital floor,shortest_path,shortest_path,3,1513,78,276.6,150.68,210.56,137.3,62,96.2
E,hospital floor,shortest_path,shortest_path,4,1514,78,261.2,154.72,246.4,129.8,59,96.2
E,hospital floor,shortest_path,shortest_path,5,1515,78,269.4,198.44,252.36,133.6,65,96.2
E,hospital floor,shortest_path,shortest_path,6,1516,78,344.4,187.6,305.4,171.2,67,96.2
E,hospital floor,shortest_path,shortest_path,7,1517,78,317.4,175.88,260.2,157.9,62,96.2
E,hospital floor,shortest_path,shortest_path,8,1518,78,284.0,172.96,273.36,140.9,63,96.2
E,hospital floor,shortest_path,shortest_path,9,1519,78,188.8,135.04,199.8,93.2,62,96.2
E,hospital floor,shortest_path,shortest_path,10,1520,78,341.6,167.24,202.0,170.1,68,96.2
E,hospital floor,random_routing,stochastic,1,1521,78,467.6,199.48,172.8,232.6,70,96.2
E,hospital floor,random_routing,stochastic,2,1522,78,359.2,229.84,165.28,193.1,69,93.6
E,hospital floor,random_routing,stochastic,3,1523,78,240.2,204.2,170.84,129.6,68,78.2
E,hospital floor,random_routing,stochastic,4,1524,78,316.6,219.84,160.24,162.2,69,88.5
E,hospital floor,random_routing,stochastic,5,1525,78,286.6,210.38,168.72,152.9,71,87.2
E,hospital floor,random_routing,stochastic,6,1526,78,320.6,180.96,169.76,169.6,70,85.9
E,hospital floor,random_routing,stochastic,7,1527,78,373.4,182.16,156.36,185.5,67,96.2
E,hospital floor,random_routing,stochastic,8,1528,78,307.4,248.66,180.48,169.8,74,94.9
E,hospital floor,random_routing,stochastic,9,1529,78,380.0,197.2,157.56,189.0,73,96.2
E,hospital floor,random_routing,stochastic,10,1530,78,392.2,219.36,154.0,211.5,74,94.9
E,hospital floor,density_aware,least_crowded,1,1531,78,241.2,171.36,170.08,119.6,66,96.2
E,hospital floor,density_aware,least_crowded,2,1532,78,276.6,161.36,193.64,137.3,65,96.2
E,hospital floor,density_aware,least_crowded,3,1533,78,290.0,198.4,222.16,143.8,67,96.2
E,hospital floor,density_aware,least_crowded,4,1534,78,248.0,137.84,149.28,123.2,64,96.2
E,hospital floor,density_aware,least_crowded,5,1535,78,343.6,171.72,221.28,170.8,69,96.2
E,hospital floor,density_aware,least_crowded,6,1536,78,252.2,168.28,195.84,125.1,65,96.2
E,hospital floor,density_aware,least_crowded,7,1537,78,221.8,150.24,153.36,109.9,64,96.2
E,hospital floor,density_aware,least_crowded,8,1538,78,329.8,153.96,182.68,163.5,67,96.2
E,hospital floor,density_aware,least_crowded,9,1539,78,234.6,139.36,103.68,116.3,69,96.2
E,hospital floor,density_aware,least_crowded,10,1540,78,228.4,145.56,135.72,113.6,65,96.2
E,hospital floor,peopleflow_guided,guided,1,1541,78,569.2,299.16,524.2,299.2,73,94.9
E,hospital floor,peopleflow_guided,guided,2,1542,78,509.2,412.2,512.92,253.8,71,96.2
E,hospital floor,peopleflow_guided,guided,3,1543,78,571.4,320.56,514.84,285.1,75,96.2
E,hospital floor,peopleflow_guided,guided,4,1544,78,460.0,312.8,496.0,236.6,75,93.6
E,hospital floor,peopleflow_guided,guided,5,1545,78,514.0,364.62,544.2,257.3,74,92.3
E,hospital floor,peopleflow_guided,guided,6,1546,78,575.8,346.84,513.68,286.9,74,96.2
E,hospital floor,peopleflow_guided,guided,7,1547,78,575.6,318.4,438.84,287.2,73,96.2
E,hospital floor,peopleflow_guided,guided,8,1548,78,455.2,308.44,490.88,226.6,75,96.2
E,hospital floor,peopleflow_guided,guided,9,1549,78,526.0,336.16,484.32,299.0,73,94.9
E,hospital floor,peopleflow_guided,guided,10,1550,78,526.0,261.88,507.28,298.8,77,93.6
F,shopping mall,shortest_path,shortest_path,1,1611,84,78.8,39.16,21.08,37.2,72,95.2
F,shopping mall,shortest_path,shortest_path,2,1612,84,85.2,43.54,22.4,40.4,70,95.2
F,shopping mall,shortest_path,shortest_path,3,1613,84,94.0,52.66,22.92,45.8,69,95.2
F,shopping mall,shortest_path,shortest_path,4,1614,84,138.0,40.52,31.88,67.4,71,95.2
F,shopping mall,shortest_path,shortest_path,5,1615,84,157.8,38.88,36.12,77.0,65,95.2
F,shopping mall,shortest_path,shortest_path,6,1616,84,97.0,52.32,30.48,46.5,73,95.2
F,shopping mall,shortest_path,shortest_path,7,1617,84,77.6,44.62,19.28,37.1,63,95.2
F,shopping mall,shortest_path,shortest_path,8,1618,84,65.8,40.58,22.76,31.3,73,95.2
F,shopping mall,shortest_path,shortest_path,9,1619,84,86.0,43.82,20.6,41.6,67,95.2
F,shopping mall,shortest_path,shortest_path,10,1620,84,108.8,41.4,29.64,52.6,65,95.2
F,shopping mall,random_routing,stochastic,1,1621,84,276.0,168.8,67.88,153.6,104,94.0
F,shopping mall,random_routing,stochastic,2,1622,84,233.2,125.48,70.48,165.9,108,91.7
F,shopping mall,random_routing,stochastic,3,1623,84,259.0,137.38,46.0,127.4,113,95.2
F,shopping mall,random_routing,stochastic,4,1624,84,196.0,121.24,29.2,96.1,107,95.2
F,shopping mall,random_routing,stochastic,5,1625,84,234.2,113.76,55.56,115.9,101,95.2
F,shopping mall,random_routing,stochastic,6,1626,84,259.6,126.08,58.32,130.8,109,89.3
F,shopping mall,random_routing,stochastic,7,1627,84,193.8,121.62,29.68,95.0,107,95.2
F,shopping mall,random_routing,stochastic,8,1628,84,250.2,122.84,58.88,123.6,108,95.2
F,shopping mall,random_routing,stochastic,9,1629,84,255.8,134.44,57.0,156.3,115,94.0
F,shopping mall,random_routing,stochastic,10,1630,84,241.2,148.92,58.6,133.9,116,92.9
F,shopping mall,density_aware,least_crowded,1,1631,84,228.4,76.2,38.88,112.8,83,95.2
F,shopping mall,density_aware,least_crowded,2,1632,84,338.0,103.18,65.04,167.4,92,95.2
F,shopping mall,density_aware,least_crowded,3,1633,84,245.6,135.5,46.4,121.5,97,95.2
F,shopping mall,density_aware,least_crowded,4,1634,84,171.4,50.52,27.88,84.1,81,95.2
F,shopping mall,density_aware,least_crowded,5,1635,84,244.0,99.12,89.2,208.5,98,92.9
F,shopping mall,density_aware,least_crowded,6,1636,84,335.6,87.52,57.52,166.2,85,95.2
F,shopping mall,density_aware,least_crowded,7,1637,84,146.8,35.04,31.56,71.7,75,95.2
F,shopping mall,density_aware,least_crowded,8,1638,84,90.2,49.08,21.8,43.0,78,95.2
F,shopping mall,density_aware,least_crowded,9,1639,84,146.6,62.86,29.6,71.6,84,95.2
F,shopping mall,density_aware,least_crowded,10,1640,84,267.0,132.4,49.72,132.3,97,95.2
F,shopping mall,peopleflow_guided,guided,1,1641,84,212.2,153.32,127.8,112.7,118,70.2
F,shopping mall,peopleflow_guided,guided,2,1642,84,220.2,185.2,112.64,110.3,126,72.6
F,shopping mall,peopleflow_guided,guided,3,1643,84,265.0,167.08,144.88,132.5,127,79.8
F,shopping mall,peopleflow_guided,guided,4,1644,84,231.6,186.2,158.6,115.1,124,76.2
F,shopping mall,peopleflow_guided,guided,5,1645,84,246.4,163.36,119.92,123.9,125,79.8
F,shopping mall,peopleflow_guided,guided,6,1646,84,213.0,146.76,145.04,115.2,132,70.2
F,shopping mall,peopleflow_guided,guided,7,1647,84,211.2,164.2,161.52,114.4,129,72.6
F,shopping mall,peopleflow_guided,guided,8,1648,84,352.4,200.9,132.76,180.6,122,90.5
F,shopping mall,peopleflow_guided,guided,9,1649,84,223.0,189.52,159.76,119.6,126,76.2
F,shopping mall,peopleflow_guided,guided,10,1650,84,199.0,159.16,136.76,99.4,128,70.2
G,airport terminal,shortest_path,shortest_path,1,1711,88,410.6,32.48,242.2,297.9,60,94.3
G,airport terminal,shortest_path,shortest_path,2,1712,88,104.2,36.94,24.12,50.7,45,95.5
G,airport terminal,shortest_path,shortest_path,3,1713,88,186.8,40.62,73.88,92.4,49,95.5
G,airport terminal,shortest_path,shortest_path,4,1714,88,119.6,31.28,46.08,58.5,44,95.5
G,airport terminal,shortest_path,shortest_path,5,1715,88,176.0,40.94,69.48,86.5,46,95.5
G,airport terminal,shortest_path,shortest_path,6,1716,88,386.6,42.84,240.12,298.8,57,94.3
G,airport terminal,shortest_path,shortest_path,7,1717,88,298.2,38.52,237.96,298.9,53,94.3
G,airport terminal,shortest_path,shortest_path,8,1718,88,59.2,36.62,12.96,28.0,41,95.5
G,airport terminal,shortest_path,shortest_path,9,1719,88,115.2,39.56,239.92,298.7,43,94.3
G,airport terminal,shortest_path,shortest_path,10,1720,88,108.2,36.08,21.32,52.7,44,95.5
G,airport terminal,random_routing,stochastic,1,1721,88,65.0,52.62,27.36,40.6,92,72.7
G,airport terminal,random_routing,stochastic,2,1722,88,83.8,61.04,32.56,46.6,77,76.1
G,airport terminal,random_routing,stochastic,3,1723,88,75.8,62.52,32.68,37.0,88,70.5
G,airport terminal,random_routing,stochastic,4,1724,88,67.6,49.96,25.0,34.0,94,62.5
G,airport terminal,random_routing,stochastic,5,1725,88,78.0,62.24,46.16,43.3,91,76.1
G,airport terminal,random_routing,stochastic,6,1726,88,77.2,59.04,28.84,36.8,84,71.6
G,airport terminal,random_routing,stochastic,7,1727,88,82.8,66.44,35.16,42.0,82,73.9
G,airport terminal,random_routing,stochastic,8,1728,88,93.8,62.36,29.32,47.6,83,76.1
G,airport terminal,random_routing,stochastic,9,1729,88,77.0,57.8,28.16,37.7,95,69.3
G,airport terminal,random_routing,stochastic,10,1730,88,63.8,55.8,32.68,34.9,87,63.6
G,airport terminal,density_aware,least_crowded,1,1731,88,101.4,48.96,42.68,75.7,65,90.9
G,airport terminal,density_aware,least_crowded,2,1732,88,189.8,36.16,94.0,115.2,50,94.3
G,airport terminal,density_aware,least_crowded,3,1733,88,135.2,61.32,40.24,74.3,66,94.3
G,airport terminal,density_aware,least_crowded,4,1734,88,113.2,65.8,37.88,65.4,65,92.0
G,airport terminal,density_aware,least_crowded,5,1735,88,143.4,49.76,83.68,100.3,60,94.3
G,airport terminal,density_aware,least_crowded,6,1736,88,101.0,40.0,31.92,76.4,60,90.9
G,airport terminal,density_aware,least_crowded,7,1737,88,127.4,54.36,34.0,80.7,60,93.2
G,airport terminal,density_aware,least_crowded,8,1738,88,137.0,65.7,29.2,66.8,61,95.5
G,airport terminal,density_aware,least_crowded,9,1739,88,126.2,46.84,76.16,96.6,59,94.3
G,airport terminal,density_aware,least_crowded,10,1740,88,99.6,60.34,29.76,48.6,55,95.5
G,airport terminal,peopleflow_guided,guided,1,1741,88,171.2,148.0,120.96,85.5,103,58.0
G,airport terminal,peopleflow_guided,guided,2,1742,88,188.8,123.72,132.4,94.3,104,62.5
G,airport terminal,peopleflow_guided,guided,3,1743,88,149.8,115.4,110.84,81.0,107,54.5
G,airport terminal,peopleflow_guided,guided,4,1744,88,145.2,124.3,129.84,77.4,103,47.7
G,airport terminal,peopleflow_guided,guided,5,1745,88,152.4,126.0,100.68,76.6,107,53.4
G,airport terminal,peopleflow_guided,guided,6,1746,88,169.6,135.56,109.64,88.0,114,59.1
G,airport terminal,peopleflow_guided,guided,7,1747,88,187.4,125.64,120.12,92.5,108,62.5
G,airport terminal,peopleflow_guided,guided,8,1748,88,173.0,156.9,101.44,85.8,106,59.1
G,airport terminal,peopleflow_guided,guided,9,1749,88,152.6,129.36,92.8,76.1,108,54.5
G,airport terminal,peopleflow_guided,guided,10,1750,88,150.2,134.36,101.24,76.1,107,48.9
H,metro station,shortest_path,shortest_path,1,1811,92,345.8,88.16,130.6,171.7,60,95.7
H,metro station,shortest_path,shortest_path,2,1812,92,316.8,71.8,98.12,157.4,75,95.7
H,metro station,shortest_path,shortest_path,3,1813,92,177.4,67.36,95.4,87.5,67,95.7
H,metro station,shortest_path,shortest_path,4,1814,92,232.8,90.74,94.72,114.8,72,95.7
H,metro station,shortest_path,shortest_path,5,1815,92,236.8,101.14,69.76,117.2,67,95.7
H,metro station,shortest_path,shortest_path,6,1816,92,162.8,73.6,64.36,80.0,69,95.7
H,metro station,shortest_path,shortest_path,7,1817,92,422.4,90.02,150.04,209.8,73,95.7
H,metro station,shortest_path,shortest_path,8,1818,92,211.4,102.0,99.28,104.1,72,95.7
H,metro station,shortest_path,shortest_path,9,1819,92,239.2,91.08,124.0,118.4,75,95.7
H,metro station,shortest_path,shortest_path,10,1820,92,405.0,92.46,130.0,201.4,73,95.7
H,metro station,random_routing,stochastic,1,1821,92,57.0,50.16,28.12,28.3,94,57.6
H,metro station,random_routing,stochastic,2,1822,92,61.6,54.8,28.28,32.6,89,66.3
H,metro station,random_routing,stochastic,3,1823,92,56.8,43.88,28.48,29.1,95,59.8
H,metro station,random_routing,stochastic,4,1824,92,66.2,55.36,26.4,32.6,93,72.8
H,metro station,random_routing,stochastic,5,1825,92,53.6,46.08,23.48,25.6,96,51.1
H,metro station,random_routing,stochastic,6,1826,92,56.4,51.42,28.04,28.7,94,58.7
H,metro station,random_routing,stochastic,7,1827,92,69.0,54.72,28.64,33.7,101,70.7
H,metro station,random_routing,stochastic,8,1828,92,53.8,49.52,25.4,25.9,100,57.6
H,metro station,random_routing,stochastic,9,1829,92,49.0,44.46,25.72,26.0,91,52.2
H,metro station,random_routing,stochastic,10,1830,92,55.6,42.0,23.88,26.9,101,50.0
H,metro station,density_aware,least_crowded,1,1831,92,79.8,42.7,34.68,40.6,79,84.8
H,metro station,density_aware,least_crowded,2,1832,92,64.6,45.52,28.56,31.6,80,80.4
H,metro station,density_aware,least_crowded,3,1833,92,117.6,43.38,28.28,57.1,72,95.7
H,metro station,density_aware,least_crowded,4,1834,92,71.6,46.6,32.16,37.4,89,82.6
H,metro station,density_aware,least_crowded,5,1835,92,75.2,58.0,36.24,37.0,77,87.0
H,metro station,density_aware,least_crowded,6,1836,92,86.2,40.38,26.68,42.4,82,84.8
H,metro station,density_aware,least_crowded,7,1837,92,77.0,55.5,34.2,40.4,75,87.0
H,metro station,density_aware,least_crowded,8,1838,92,48.2,40.6,28.8,23.1,77,63.0
H,metro station,density_aware,least_crowded,9,1839,92,78.0,56.6,39.08,37.6,74,88.0
H,metro station,density_aware,least_crowded,10,1840,92,100.4,45.96,35.96,52.7,76,90.2
H,metro station,peopleflow_guided,guided,1,1841,92,134.6,100.4,84.56,67.5,115,60.9
H,metro station,peopleflow_guided,guided,2,1842,92,183.6,135.76,134.92,90.7,120,67.4
H,metro station,peopleflow_guided,guided,3,1843,92,181.8,156.92,135.44,93.8,119,70.7
H,metro station,peopleflow_guided,guided,4,1844,92,172.0,124.62,143.2,89.2,111,65.2
H,metro station,peopleflow_guided,guided,5,1845,92,165.0,140.6,149.64,82.7,106,60.9
H,metro station,peopleflow_guided,guided,6,1846,92,163.4,140.5,145.08,84.4,120,60.9
H,metro station,peopleflow_guided,guided,7,1847,92,160.2,137.72,121.92,82.0,121,57.6
H,metro station,peopleflow_guided,guided,8,1848,92,192.2,125.7,142.24,98.4,109,69.6
H,metro station,peopleflow_guided,guided,9,1849,92,153.4,125.8,129.52,80.8,116,55.4
H,metro station,peopleflow_guided,guided,10,1850,92,193.6,162.5,151.0,100.4,110,71.7
